CODE,CATEGORY,EPS_Q1,EPS_Q2,EPS_H1,EPS_Q3,EPS_9M,EPS_ANNUAL,PE,UPDATED
1JANATAMF,A,0.33,-0.49,-0.16,-0.38,-0.54,,,2026-10-03
1STPRIMFMF,A,0.49,0.73,1.21,,,,,2026-10-03
AAMRANET,Z,-0.19,0.1,-0.09,-0.35,-0.44,,,2026-10-03
AAMRATECH,Z,-0.52,-0.67,-1.19,-0.65,-1.84,,,2026-10-03
ABB1STMF,A,0.63,-0.44,0.2,-0.44,-0.24,,,2026-10-03
ABBANK,Z,-9.22,-12.41,-21.62,,,,,2026-10-03
ACFL,A,0.11,-0.02,0.09,-0.02,0.07,,,2026-10-03
ACI,A,0.39,0.34,0.73,-4.91,-4.18,,,2026-10-03
ACIFORMULA,A,1.85,4.64,6.5,1.76,8.26,,,2026-10-03
ACMELAB,A,3.01,3.1,6.11,3.3,9.4,,,2026-10-03
ACMEPL,B,-0.1,-0.16,-0.26,-0.49,-0.75,,,2026-10-03
ACTIVEFINE,Z,0.12,-0.01,0.1,0.02,0.12,,,2026-10-03
ADNTEL,A,0.66,0.61,1.26,0.62,1.86,,,2026-10-03
ADVENT,Z,0.15,0.09,0.24,0.09,0.33,,,2026-10-03
AFCAGRO,Z,0.15,0.02,0.16,0.01,0.17,,,2026-10-03
AFTABAUTO,Z,-0.55,-0.26,-0.81,-0.37,-1.18,,,2026-10-03
AGNISYSL,B,0.34,0.23,0.57,0.25,0.82,,,2026-10-03
AGRANINS,A,0.17,0.34,0.5,,,,,2026-10-03
AIBL1STIMF,A,0.15,-0.123,0.027,0.039,0.066,,,2026-10-03
AIL,Z,0.77,0.8,1.5,0.76,2.26,,,2026-10-03
AL-HAJTEX,B,-0.52,-0.88,-1.4,-0.82,-2.22,,,2026-10-03
ALARABANK,Z,0.14,0.72,0.86,,,,,2026-10-03
ALIF,Z,0.05,0.05,0.1,0.06,0.16,,,2026-10-03
ALLTEX,Z,0.01,0.03,0.04,-0.01,0.03,,,2026-10-03
AMANFEED,A,0.21,0.25,0.46,0.11,0.58,,,2026-10-03
AMBEEPHA,A,0.5,1.36,1.86,0.4,2.26,,,2026-10-03
AMCL(PRAN),A,1.7,1.71,3.41,1.33,4.74,,,2026-10-03
ANLIMAYARN,Z,-0.72,-0.85,-1.58,-1.23,-2.81,,,2026-10-03
ANWARGALV,A,2.86,0.16,3.02,0.97,4,,,2026-10-03
AOL,Z,0.41,0.33,0.74,0.52,1.26,1.59,,2026-10-03
APEXFOODS,A,2.51,0.64,3.15,1.3,4.45,,,2026-10-03
APEXFOOT,A,1.59,2.72,3.99,0.54,4.54,7.91,,2026-10-03
APEXSPINN,A,0.71,0.98,1.69,0.87,2.56,,,2026-10-03
APEXTANRY,B,-4.98,-5.8,-10.78,-4.78,-15.56,,,2026-10-03
APOLOISPAT,Z,,,,,,-0.82,,2026-10-03
ARAMIT,A,-1.19,,,,,,,2026-10-03
ARAMITCEM,Z,-2.23,-1.78,-4.01,-1.95,-5.96,,,2026-10-03
ARGONDENIM,A,0.55,0.12,0.67,0.22,0.9,,,2026-10-03
ASIAINS,A,0.51,0.33,0.84,,,,,2026-10-03
ASIAPACINS,A,1.16,1.03,2.19,,,,,2026-10-03
ASIATICLAB,A,1.24,1.34,2.58,1.39,3.97,,,2026-10-03
ATLASBANG,Z,-0.18,-0.28,-0.46,-0.21,-0.68,,,2026-10-03
AZIZPIPES,Z,-0.78,-0.89,-1.67,-0.67,-2.4,,,2026-10-03
BANGAS,B,0.06,0.06,0.12,0.03,0.15,0.24,,2026-10-03
BANKASIA,A,0.98,0.86,1.77,,,,,2026-10-03
BARKAPOWER,Z,0.18,-0.07,0.11,0.76,0.87,,,2026-10-03
BATASHOE,A,27.14,9.73,36.87,,,,,2026-10-03
BATBC,A,3.88,3.77,7.65,,,,,2026-10-03
BAYLEASING,Z,-1.4,-0.17,-1.59,,,,,2026-10-03
BBS,B,-0.23,-0.22,-0.45,-0.1,-0.55,,,2026-10-03
BBSCABLES,B,-0.86,-0.83,-1.69,-0.97,-2.66,,,2026-10-03
BDAUTOCA,B,0.02,0.03,0.05,0.04,0.09,,,2026-10-03
BDCOM,A,0.35,0.1,0.45,0.03,0.46,,,2026-10-03
BDFINANCE,Z,0.11,0.12,0.23,,,,,2026-10-03
BDLAMPS,A,-1.19,0.1,-1.09,0.26,-0.83,,,2026-10-03
BDSERVICE,Z,-2.48,-1.29,-3.95,-0.36,-4.31,,,2026-10-03
BDTHAI,B,-0.7,-0.79,-1.49,-0.8,-2.28,,,2026-10-03
BDTHAIFOOD,B,-0.49,-0.06,-0.55,-0.17,-0.73,,,2026-10-03
BDWELDING,Z,,,,,,-0.08,,2026-10-03
BEACHHATCH,Z,0.85,1.85,2.7,1.88,4.58,,,2026-10-03
BEACONPHAR,A,2.26,2.47,4.73,1.22,5.95,,,2026-10-03
BENGALWTL,B,0.17,0.14,0.31,0.12,0.44,,,2026-10-03
BERGERPBL,A,36.81,,,,,,,2026-10-03
BESTHLDNG,Z,0.01,0.1,0.11,0.14,0.25,,,2026-10-03
BEXIMCO,B,-1.26,-2.58,-3.78,,,,,2026-10-03
BGIC,A,0.69,0.55,1.24,,,,,2026-10-03
BIFC,Z,-1.81,-1.45,-3.26,,,,,2026-10-03
BNICL,A,1.61,1.39,3,,,,,2026-10-03
BPML,Z,-6.6,-7.74,-14.34,-8.33,-24.27,,,2026-10-03
BPPL,B,0.66,0.77,1.43,1.43,2.86,,,2026-10-03
BRACBANK,A,2.9,2.55,5.07,,,,,2026-10-03
BSC,A,5.14,3.79,8.93,4.18,13.11,,,2026-10-03
BSCPLC,A,3.67,4.17,7.84,3.87,11.71,,,2026-10-03
BSRMLTD,A,4.15,2.64,6.79,8.75,15.54,,,2026-10-03
BSRMSTEEL,A,2.6,2.54,5.14,6.35,11.49,,,2026-10-03
BXPHARMA,A,5.3,5.28,10.58,4.98,15.56,,,2026-10-03
CAPITECGBF,A,0.89,-0.34,0.55,0.35,0.9,1.06,,2026-10-03
CAPMBDBLMF,A,0.76,-0.37,0.39,0.29,0.69,1.35,,2026-10-03
CAPMIBBLMF,A,0.23,-0.48,-0.24,0.13,-0.11,0.35,,2026-10-03
CENTRALINS,A,0.48,0.55,1.03,,,,,2026-10-03
CENTRALPHL,Z,-0.07,-0.06,-0.14,-0.09,-0.23,,,2026-10-03
CITYBANK,A,1.58,1.63,3.01,,,,,2026-10-03
CITYGENINS,A,1.1,1.6,2.7,,,,,2026-10-03
CLICL,B,,,,,,,,2026-10-03
CNATEX,Z,0.08,0.07,0.15,0.08,0.23,,,2026-10-03
CONFIDCEM,A,3.97,3.42,7.38,1.47,7.12,,,2026-10-03
CONTININS,B,0.49,0.44,0.93,,,,,2026-10-03
COPPERTECH,B,0.04,0.1,0.15,0.28,0.45,,,2026-10-03
CROWNCEMNT,A,0.45,0.34,0.79,0.91,1.7,,,2026-10-03
CRYSTALINS,A,1.13,0.81,1.94,,,,,2026-10-03
CVOPRL,A,1.88,2.23,3.96,1.12,5.08,,,2026-10-03
DACCADYE,Z,-1.51,-41.2,-42.71,-1.24,-43.95,,,2026-10-03
DAFODILCOM,B,0.12,0.09,0.21,0.04,0.25,,,2026-10-03
DBH,A,0.97,1.78,2.74,,,,,2026-10-03
DBH1STMF,A,-0.084,0.056,-0.029,-1.073,-1.102,,,2026-10-03
DELTALIFE,A,,,,,,,,2026-10-03
DELTASPINN,Z,-0.01,0.03,0.02,0.01,0.03,,,2026-10-03
DESCO,Z,1.47,0.81,2.28,-0.81,1.46,,,2026-10-03
DESHBANDHU,B,-0.76,-1.03,-1.79,-1.1,-2.89,,,2026-10-03
DGIC,B,0.11,0.35,0.49,,,,,2026-10-03
DHAKABANK,A,0.56,0.38,0.95,,,,,2026-10-03
DHAKAINS,A,0.53,0.67,1.2,,,,,2026-10-03
DOMINAGE,B,-0.02,-0.07,-0.09,-0.07,-0.17,,,2026-10-03
DOREENPWR,A,1.81,1.24,3.05,1.11,4.16,,,2026-10-03
DSHGARME,B,0.04,0.18,0.23,0.08,0.28,,,2026-10-03
DSSL,B,-0.04,-0.04,-0.08,-0.09,-0.13,,,2026-10-03
DULAMIACOT,Z,0.26,0.04,0.29,-0.09,0.2,,,2026-10-03
DUTCHBANGL,A,2.7,1.78,4.35,,,,,2026-10-03
EASTERNINS,A,0.74,1.18,1.81,,,,,2026-10-03
EASTLAND,A,0.27,0.43,0.7,,,,,2026-10-03
EASTRNLUB,A,15.68,3.85,19.53,15.61,28.64,,,2026-10-03
EBL,A,1.24,1.46,2.67,,,,,2026-10-03
EBL1STMF,A,0.54,-0.56,-0.03,-0.51,-0.54,,,2026-10-03
EBLNRBMF,A,0.46,-0.47,-0.01,-0.48,-0.49,,,2026-10-03
ECABLES,B,-0.63,-1.37,-1.96,-1.74,-3.7,,,2026-10-03
EGEN,B,0.14,0.23,0.37,0.2,0.57,,,2026-10-03
EHL,A,2.16,2.55,4.71,1.94,6.65,,,2026-10-03
EIL,B,0.34,0.53,0.87,,,,,2026-10-03
EMERALDOIL,Z,1.47,0.2,1.67,,,,,2026-10-03
ENVOYTEX,A,2.26,2.09,4.35,1.54,5.89,,,2026-10-03
EPGL,B,-3.08,-3.64,-6.73,-0.89,-7.62,,,2026-10-03
ESQUIRENIT,A,-1.1,-1.02,-2.13,1.17,-0.96,,,2026-10-03
ETL,B,0.11,0.08,0.19,0.04,0.23,,,2026-10-03
EXIM1STMF,A,0.26,-0.46,-0.19,-0.18,-0.37,,,2026-10-03
EXIMBANK,A,0.21,-0.08,0.13,-2.3,-2.17,,,2026-10-03
FAMILYTEX,Z,-0.072,-0.062,-0.133,,,,,2026-10-03
FARCHEM,B,0.05,-1.85,-1.8,-1.46,-3.26,,,2026-10-03
FAREASTFIN,Z,-1.15,-1.95,-3.1,-0.65,-3.75,,,2026-10-03
FAREASTLIF,Z,,,,,,,,2026-10-03
FASFIN,Z,-5.16,-5.18,-10.34,,,,,2026-10-03
FBFIF,A,0.27,-0.42,-0.19,-0.46,-0.65,,,2026-10-03
FEDERALINS,A,0.46,0.55,1.01,,,,,2026-10-03
FEKDIL,A,-0.91,0.005,-0.91,-0.08,-0.99,,,2026-10-03
FINEFOODS,A,2.57,2.59,5.16,2.62,7.78,,,2026-10-03
FIRSTFIN,Z,-1.87,-0.26,-2.13,,,,,2026-10-03
FIRSTSBANK,Z,-4.76,-9.24,-14.01,-462.57,-476.57,,,2026-10-03
FORTUNE,Z,-0.31,0.07,-0.24,-0.63,-0.87,,,2026-10-03
FUWANGCER,B,0.03,0.02,0.05,-0.04,0.01,,,2026-10-03
FUWANGFOOD,Z,-0.05,-0.2,-0.25,-0.08,-0.33,,,2026-10-03
GBBPOWER,Z,0.03,0.04,0.07,0.02,0.09,,,2026-10-03
GEMINISEA,Z,-2.3,-1.71,-3.94,-1.36,-5.3,,,2026-10-03
GENEXIL,B,0.81,0.65,1.46,0.67,2.12,,,2026-10-03
GENNEXT,Z,-0.27,0.12,-0.15,0.11,-0.04,,,2026-10-03
GHAIL,B,-0.12,-0.06,-0.18,-0.11,-0.29,,,2026-10-03
GHCL,Z,-0.85,-0.9,-1.42,-0.98,-2.47,,,2026-10-03
GIB,Z,-7.51,-9.06,-16.56,-6.07,-22.63,,,2026-10-03
GLDNJMF,A,0.27,0.54,0.82,,,,,2026-10-03
GLOBALINS,A,0.77,0.71,1.48,,,,,2026-10-03
GOLDENSON,B,-0.39,-0.63,-1.03,-0.88,-1.91,,,2026-10-03
GP,A,4.9,5.62,10.52,,,,,2026-10-03
GPHISPAT,B,0.05,0.04,0.09,-0.31,-0.22,0.07,,2026-10-03
GQBALLPEN,A,-0.51,-0.36,-0.87,-0.47,-1.35,,,2026-10-03
GRAMEENS2,A,0.18,0.31,0.49,0.05,0.54,0.82,,2026-10-03
GREENDELMF,A,-0.083,0.07,-0.013,-0.942,-0.956,,,2026-10-03
GREENDELT,A,0.73,1.86,2.59,,,,,2026-10-03
GSPFINANCE,Z,-1.97,-2.83,-4.8,-3.73,-5.22,,,2026-10-03
HAKKANIPUL,B,0.05,0.22,0.27,0.04,0.31,,,2026-10-03
HAMI,Z,0.09,0.091,0.18,0.06,0.21,,,2026-10-03
HEIDELBCEM,A,-0.88,-1.09,-1.96,,,,,2026-10-03
HFL,Z,-1.06,-1.8,-2.86,,,,,2026-10-03
HRTEX,Z,-2.82,0.05,-2.77,-15.68,-18.46,,,2026-10-03
HWAWELLTEX,A,1.1,0.81,1.91,0.83,2.74,,,2026-10-03
IBNSINA,A,7.08,8.2,15.27,4.67,19.94,25.43,,2026-10-03
IBP,B,0.01,0.01,0.02,0.01,0.02,,,2026-10-03
ICB,B,-1.77,-1.82,-3.59,-3.2,-6.79,,,2026-10-03
ICB3RDNRB,A,0.71,-0.42,0.29,0.38,0.67,1.4,,2026-10-03
ICBAGRANI1,A,0.83,-0.44,0.39,0.31,0.71,1.35,,2026-10-03
ICBAMCL2ND,A,0.78,-0.48,0.3,0.37,0.67,1.47,,2026-10-03
ICBEPMF1S1,A,0.63,-0.48,0.16,0.37,0.53,1.12,,2026-10-03
ICBIBANK,Z,-0.36,-0.35,-0.72,,,,,2026-10-03
ICBSONALI1,A,0.65,-0.63,0.02,0.36,0.38,1.12,,2026-10-03
ICICL,A,0.31,0.63,0.94,,,,,2026-10-03
IDLC,A,1.43,1.63,2.99,,,,,2026-10-03
IFADAUTOS,B,0.09,0.08,0.17,0.15,0.32,,,2026-10-03
IFIC,Z,-4.48,-4.2,-8.68,,,,,2026-10-03
IFIC1STMF,A,0.63,-0.52,0.11,-0.36,-0.25,,,2026-10-03
IFILISLMF1,A,0.52,-0.5,0.02,0.29,0.32,0.96,,2026-10-03
ILFSL,Z,-2.79,-3.02,-6.1,-0.62,-6.71,,,2026-10-03
INDEXAGRO,A,0.91,0.91,1.76,1.03,2.9,,,2026-10-03
INTECH,Z,-0.08,-0.1,-0.18,-0.11,-0.28,,,2026-10-03
INTRACO,Z,0.21,0.13,0.34,-0.19,0.15,,,2026-10-03
IPDC,A,0.16,0.33,0.48,,,,,2026-10-03
ISLAMIBANK,Z,-1.79,-6.39,-8.18,,,,,2026-10-03
ISLAMICFIN,Z,-0.93,0.87,-0.06,,,,,2026-10-03
ISLAMIINS,A,1.02,1.04,2.06,,,,,2026-10-03
ISNLTD,B,-0.01,0.02,0.01,-0.3,-0.28,,,2026-10-03
ITC,A,0.92,0.86,1.78,0.92,2.7,,,2026-10-03
JAMUNABANK,A,1.94,2.09,4.03,,,,,2026-10-03
JAMUNAOIL,A,13.37,6.26,19.63,6.94,26.57,,,2026-10-03
JANATAINS,A,0.29,0.5,0.8,,,,,2026-10-03
JHRML,B,0.29,0.21,0.49,0.18,0.67,,,2026-10-03
JMISMDL,A,-0.5,-0.01,-0.51,-2.39,-2.89,,,2026-10-03
JUTESPINN,Z,-9,-10.95,-19.96,-8.42,-30.47,,,2026-10-03
KARNAPHULI,A,0.68,0.76,1.44,,,,,2026-10-03
KAY&QUE,B,2.73,3.1,5.83,4.06,9.89,,,2026-10-03
KBPPWBIL,A,0.17,0.19,0.36,0.21,0.57,,,2026-10-03
KDSALTD,A,0.55,0.45,1,0.52,1.52,,,2026-10-03
KEYACOSMET,Z,,,,,,0.24,,2026-10-03
KOHINOOR,A,4.51,4,8.1,4.18,12.28,,,2026-10-03
KPCL,Z,0.25,0.27,0.51,0.22,0.73,,,2026-10-03
KPPL,Z,-0.06,-0.06,-0.11,,,,,2026-10-03
KTL,Z,0.04,0.05,0.09,0.04,0.13,0.08,,2026-10-03
LANKABAFIN,A,0.03,0.18,0.21,0.34,0.54,,,2026-10-03
LEGACYFOOT,B,0.04,-0.16,-0.12,0.16,0.04,,,2026-10-03
LHB,A,0.97,0.9,1.87,,,,,2026-10-03
LIBRAINFU,Z,0.85,1.78,2.63,1.37,4,,,2026-10-03
LINDEBD,A,7.22,5.56,12.78,,,,,2026-10-03
LOVELLO,A,1.02,1.16,2.13,0.93,3.06,,,2026-10-03
LRBDL,Z,-0.82,-0.81,-1.64,-0.58,-2.22,,,2026-10-03
LRGLOBMF1,A,0.086,-1.139,-1.053,-0.279,-1.332,,,2026-10-03
MAGURAPLEX,A,0.88,0.71,1.59,0.45,2.04,,,2026-10-03
MAKSONSPIN,Z,-1.71,-1.77,-3.49,-1.12,-4.61,-9.42,,2026-10-03
MALEKSPIN,A,1.89,1.65,3.54,0.5,4.04,,,2026-10-03
MARICO,A,54.12,,,,,,,2026-10-03
MATINSPINN,A,1.09,1.02,2.11,1.24,3.35,,,2026-10-03
MBL1STMF,A,0.139,-0.092,0.047,0.06,0.107,,,2026-10-03
MEGCONMILK,Z,-2.09,-2.34,-4.38,-0.384,-4.76,,,2026-10-03
MEGHNACEM,Z,-21.19,-9.97,-31.16,-16.98,-48.13,,,2026-10-03
MEGHNAINS,A,0.47,0.41,0.88,,,,,2026-10-03
MEGHNALIFE,A,,,,,,,,2026-10-03
MEGHNAPET,Z,-0.212,-0.2,-0.41,-0.212,-0.63,,,2026-10-03
MERCANBANK,Z,0.29,-0.07,0.22,,,,,2026-10-03
MERCINS,A,0.34,0.1,0.44,,,,,2026-10-03
METROSPIN,Z,-0.5,-0.47,-0.97,-0.5,-1.47,-1.98,,2026-10-03
MHSML,B,0.2,0.29,0.49,0.32,0.81,,,2026-10-03
MIDASFIN,Z,-4.78,-1.43,-6.21,,,,,2026-10-03
MIDLANDBNK,B,0.17,0.26,0.42,,,,,2026-10-03
MIRACLEIND,Z,-0.77,-0.61,-1.38,-1.02,-2.4,,,2026-10-03
MIRAKHTER,A,0.22,0.37,0.59,0.06,0.66,,,2026-10-03
MITHUNKNIT,Z,,,,,,,,2026-10-03
MJLBD,A,3.06,0.8,3.86,2.05,5.91,,,2026-10-03
MLDYEING,B,0.02,-0.47,-0.46,-0.51,-0.97,,,2026-10-03
MONNOAGML,B,0.52,-0.1,0.44,-0.27,0.17,,,2026-10-03
MONNOCERA,B,0.25,0.06,0.31,-0.07,0.24,,,2026-10-03
MONNOFABR,B,0.03,0.01,0.04,-0.02,0.01,,,2026-10-03
MONOSPOOL,A,1.19,0.74,1.93,1.41,3.09,,,2026-10-03
MPETROLEUM,A,14.29,14.3,28.59,12.92,41.51,,,2026-10-03
MTB,A,0.81,0.17,0.99,,,,,2026-10-03
NAHEEACP,B,0.07,0.08,0.15,0.02,0.17,,,2026-10-03
NATLIFEINS,A,,,,,,3.91,,2026-10-03
NAVANACNG,Z,0.01,0.01,0.02,-0.01,0.01,,,2026-10-03
NAVANAPHAR,A,1.69,1.65,3.35,1.22,4.59,,,2026-10-03
NBL,Z,-3.52,-3.58,-7.1,,,,,2026-10-03
NCCBANK,A,1.11,1.01,2.08,,,,,2026-10-03
NCCBLMF1,A,-0.789,-0.127,-0.917,0.457,-0.46,,,2026-10-03
NEWLINE,Z,0.55,0.53,1.09,0.52,1.6,,,2026-10-03
NFML,B,-0.08,-0.03,-0.11,,,,,2026-10-03
NHFIL,A,0.23,0.19,0.43,,,,,2026-10-03
NITOLINS,A,0.31,0.48,0.79,,,,,2026-10-03
NORTHERN,Z,-6.24,,,,,,,2026-10-03
NORTHRNINS,A,0.59,0.3,0.89,,,,,2026-10-03
NPOLYMER,B,0.02,0.06,0.08,0.17,0.25,,,2026-10-03
NRBBANK,Z,0.12,0.01,0.13,,,,,2026-10-03
NRBCBANK,Z,0.13,0.479,0.609,,,,,2026-10-03
NTC,Z,,,,,,-158.53,,2026-10-03
NTLTUBES,B,-0.77,-0.46,-1.23,-0.38,-1.6,,,2026-10-03
NURANI,Z,-0.47,-0.32,-0.66,-0.28,-0.95,,,2026-10-03
OAL,Z,-0.17,-0.17,-0.34,-0.23,-0.57,,,2026-10-03
OIMEX,Z,-0.29,0.15,-0.14,0.29,0.15,,,2026-10-03
OLYMPIC,A,2.86,3.12,5.99,1.42,7.41,,,2026-10-03
ONEBANKPLC,Z,0.34,0.44,0.78,,,,,2026-10-03
ORIONINFU,A,0.57,0.58,1.15,0.27,1.42,,,2026-10-03
ORIONPHARM,Z,-0.3,-0.56,-0.86,-0.65,-0.95,,,2026-10-03
PADMALIFE,Z,,,,,,,,2026-10-03
PADMAOIL,A,16.04,14.5,30.54,13.46,44.02,,,2026-10-03
PARAMOUNT,A,1.21,0.98,2.19,,,,,2026-10-03
PDL,Z,0.03,0.02,0.06,-0.04,0.02,,,2026-10-03
PENINSULA,B,-0.01,0.05,0.04,-0.13,-0.09,,,2026-10-03
PEOPLESINS,A,1.29,1.64,2.93,,,,,2026-10-03
PF1STMF,A,0.82,-0.44,0.39,0.38,0.76,1.64,,2026-10-03
PHARMAID,A,6.81,7.28,14.09,6.11,20.2,,,2026-10-03
PHENIXINS,A,0.65,0.8,1.45,,,,,2026-10-03
PHOENIXFIN,Z,-4.03,-2.86,-6.89,,,,,2026-10-03
PHPMF1,A,0.74,-0.51,0.22,-0.3,-0.07,,,2026-10-03
PIONEERINS,A,1.7,1.39,3.01,,,,,2026-10-03
PLFSL,Z,-3.39,-3.36,-6.69,,,,,2026-10-03
POPULAR1MF,A,0.46,-0.44,0.03,-0.28,-0.25,,,2026-10-03
POPULARLIF,A,,,,,,,,2026-10-03
POWERGRID,Z,3.98,1.24,5.22,1.03,6.24,,,2026-10-03
PRAGATIINS,A,1.63,1.52,3.11,,,,,2026-10-03
PRAGATILIF,A,,,,,,,,2026-10-03
PREMIERBAN,Z,-0.87,-2.28,-3.15,,,,,2026-10-03
PREMIERCEM,A,0.12,0.07,0.19,1.8,1.99,,,2026-10-03
PREMIERLEA,Z,-1.8,-1.85,-3.65,,,,,2026-10-03
PRIME1ICBA,A,0.69,-0.58,0.11,0.35,0.46,1.17,,2026-10-03
PRIMEBANK,A,1.79,1.85,3.56,,,,,2026-10-03
PRIMEFIN,Z,-0.29,-0.79,-1.08,-0.61,-1.69,-5.53,,2026-10-03
PRIMEINSUR,A,0.79,0.51,1.3,,,,,2026-10-03
PRIMELIFE,B,,,,,,,,2026-10-03
PRIMETEX,Z,-0.08,-2.12,-2.2,-3.61,-5.81,-8.05,,2026-10-03
PROGRESLIF,Z,,,,,,,,2026-10-03
PROVATIINS,A,0.49,0.63,1.12,,,,,2026-10-03
PTL,A,1.19,1.16,2.36,2.78,5.14,,,2026-10-03
PUBALIBANK,A,1.72,2.95,4.39,,,,,2026-10-03
PURABIGEN,A,0.43,0.41,0.84,,,,,2026-10-03
QUASEMIND,A,0.32,0.33,0.62,0.18,0.83,,,2026-10-03
QUEENSOUTH,B,0.06,0.08,0.15,0.09,0.24,,,2026-10-03
RAHIMAFOOD,Z,-0.05,-0.07,-0.14,-0.06,-0.18,,,2026-10-03
RAHIMTEXT,A,1.28,0.54,1.81,0.25,2.06,,,2026-10-03
RAKCERAMIC,A,-0.13,0.18,0.05,,,,,2026-10-03
RANFOUNDRY,A,1.18,1,2.18,0.97,3.14,,,2026-10-03
RDFOOD,B,0.22,0.16,0.38,0.14,0.52,,,2026-10-03
RECKITTBEN,A,23.26,41.07,64.34,,,,,2026-10-03
REGENTTEX,Z,-0.22,-0.25,-0.45,-0.46,-0.92,-1.62,,2026-10-03
RELIANCE1,A,0.65,-0.58,0.06,0.33,0.39,1.15,,2026-10-03
RELIANCINS,A,2.88,3.64,6.52,,,,,2026-10-03
RENATA,A,6.47,7.11,13.58,6.81,20.39,,,2026-10-03
RENWICKJA,Z,-2.9,-2.52,-5.42,-1.72,-7.14,,,2026-10-03
REPUBLIC,A,0.55,0.54,1.09,,,,,2026-10-03
RINGSHINE,Z,-0.79,-0.71,-1.5,-0.92,-2.42,,,2026-10-03
ROBI,A,0.44,0.5,0.95,,,,,2026-10-03
RSRMSTEEL,Z,-1.06,-1.08,-2.14,-0.75,-2.89,-3.75,,2026-10-03
RUNNERAUTO,A,0.38,-0.12,0.26,0.24,0.5,,,2026-10-03
RUPALIBANK,Z,-8.12,-5.01,-13.13,,,,,2026-10-03
RUPALIINS,A,0.33,0.38,0.71,,,,,2026-10-03
RUPALILIFE,A,,,,,,,,2026-10-03
SAFKOSPINN,Z,-1.74,-0.31,-2.07,-1.18,-3.25,,,2026-10-03
SAIFPOWER,Z,,,,,,0.7,,2026-10-03
SAIHAMCOT,B,0.28,0.2,0.48,0.31,0.79,,,2026-10-03
SAIHAMTEX,B,0.17,0.11,0.28,0.22,0.51,,,2026-10-03
SALAMCRST,Z,0.03,0.06,0.09,0.19,0.28,,,2026-10-03
SALVO,B,0.14,0.11,0.25,0.19,0.44,,,2026-10-03
SAMATALETH,B,-0.09,0.03,-0.02,-0.01,-0.04,-0.02,,2026-10-03
SAMORITA,B,0.69,0.14,0.83,-0.06,0.77,,,2026-10-03
SANDHANINS,A,,,,,,1.2,,2026-10-03
SAPORTL,A,0.59,0.37,0.96,0.65,1.62,,,2026-10-03
SAVAREFR,Z,-1.86,-1.14,-3.01,-0.87,-3.88,,,2026-10-03
SBACBANK,Z,0.14,0.03,0.17,,,,,2026-10-03
SEAPEARL,B,-0.84,-0.3,-1.14,-0.48,-1.63,,,2026-10-03
SEMLFBSLGF,A,0.52,-0.38,0.14,0.35,0.49,0.9,,2026-10-03
SEMLIBBLSF,A,0.46,-0.51,-0.05,0.21,0.16,0.49,,2026-10-03
SHAHJABANK,A,1.12,1.65,2.77,,,,,2026-10-03
SHARPIND,B,0.04,-1.49,-1.45,-0.71,-2.16,,,2026-10-03
SHASHADNIM,B,0.31,0.28,0.59,-0.2,0.39,,,2026-10-03
SHEPHERD,B,-0.47,-0.38,-0.85,-0.37,-1.21,,,2026-10-03
SHURWID,Z,0.64,1.14,1.78,0.11,1.89,,,2026-10-03
SHYAMPSUG,Z,-12.42,-12.64,-25.06,-12.47,-37.54,,,2026-10-03
SIBL,A,-1.41,-2.93,-4.33,-10.94,-15.28,,,2026-10-03
SICL,B,0.86,0.19,1.05,,,,,2026-10-03
SILCOPHL,B,0.16,0.11,0.27,0.05,0.32,,,2026-10-03
SILVAPHL,B,-0.26,-0.26,-0.52,-0.2,-0.72,,,2026-10-03
SIMTEX,A,0.26,0.41,0.67,0.29,0.96,,,2026-10-03
SINGERBD,Z,-5.6,1.36,-4.24,,,,,2026-10-03
SINOBANGLA,A,0.33,0.25,0.58,0.49,1.07,,,2026-10-03
SIPLC,A,1.84,1.55,3.39,,,,,2026-10-03
SKTRIMS,Z,-0.33,-0.61,-0.94,-0.47,-1.41,,,2026-10-03
SONALIANSH,A,1.78,1.87,3.65,1.97,5.62,,,2026-10-03
SONALILIFE,A,,,,,,,,2026-10-03
SONALIPAPR,A,2.82,3.08,5.9,0.67,6.57,,,2026-10-03
SONARBAINS,A,0.26,0.26,0.52,,,,,2026-10-03
SONARGAON,B,0.005,-0.17,-0.16,-0.03,-0.19,,,2026-10-03
SOUTHEASTB,A,0.99,0.65,1.64,,,,,2026-10-03
SPCERAMICS,B,-0.35,-1.01,-1.35,,,,,2026-10-03
SPCL,A,1.41,1.63,3.04,1.32,4.37,,,2026-10-03
SQUARETEXT,A,1.69,0.14,1.84,-0.29,1.54,,,2026-10-03
SQURPHARMA,A,8.35,8.2,16.56,6.73,23.29,,,2026-10-03
SSSTEEL,Z,0.03,0.04,0.07,-0.11,-0.03,,,2026-10-03
STANCERAM,Z,-7.14,-2.82,-9.96,-2.32,-12.28,,,2026-10-03
STANDARINS,A,0.71,0.72,1.37,,,,,2026-10-03
STANDBANKL,Z,0.02,0.01,0.03,,,,,2026-10-03
STYLECRAFT,Z,0.01,0.009,0.019,-0.08,-0.06,,,2026-10-03
SUMITPOWER,A,0.62,0.34,0.96,0.51,1.47,,,2026-10-03
SUNLIFEINS,B,,,,,,,,2026-10-03
TAKAFULINS,A,0.6,0.78,1.38,,,,,2026-10-03
TALLUSPIN,Z,-0.49,-0.57,-1.06,-0.9,-1.96,-2.84,,2026-10-03
TAMIJTEX,A,0.9,1.91,2.81,1.53,4.08,,,2026-10-03
TECHNODRUG,A,0.47,0.4,0.87,0.31,1.18,,,2026-10-03
TILIL,B,,,,,,,,2026-10-03
TITASGAS,B,-2.52,-1.43,-3.95,-2.26,-6.21,,,2026-10-03
TOSRIFA,B,0.08,0.09,0.17,0.08,0.25,,,2026-10-03
TRUSTB1MF,A,0.38,-0.59,-0.22,-0.48,-0.69,,,2026-10-03
TRUSTBANK,A,0.27,0.93,1.2,,,,,2026-10-03
TUNGHAI,Z,-0.07,-0.13,-0.13,-0.04,-0.17,,,2026-10-03
UCB,Z,0.07,0.15,0.22,,,,,2026-10-03
UNILEVERCL,A,6.29,4.04,10.33,,,,,2026-10-03
UNIONBANK,Z,0.37,0.55,0.92,-0.77,0.14,-248.91,,2026-10-03
UNIONCAP,Z,-0.95,-1.18,-2.12,,,,,2026-10-03
UNIONINS,A,0.68,0.55,1.23,,,,,2026-10-03
UNIQUEHRL,A,1.36,0.94,2.3,0.69,2.99,,,2026-10-03
UNITEDFIN,A,0.04,0.23,0.27,,,,,2026-10-03
UNITEDINS,A,0.24,1.75,1.99,,,,,2026-10-03
UPGDCL,A,4.94,5.06,10,4.69,14.69,,,2026-10-03
USMANIAGL,Z,-1.71,-1.13,-2.83,-0.88,-3.72,,,2026-10-03
UTTARABANK,A,1.32,1.17,2.23,,,,,2026-10-03
UTTARAFIN,Z,1.77,1.1,2.87,-1.19,1.68,,,2026-10-03
VAMLBDMF1,A,-0.59,0.1,-0.49,-0.55,-1.04,-0.1,,2026-10-03
VAMLRBBF,A,0.27,0.91,1.19,,,,,2026-10-03
VFSTDL,B,0.04,-0.02,0.02,0.01,0.03,,,2026-10-03
WALTONHIL,A,7.29,4.27,10.9,8.39,19.29,33.75,,2026-10-03
WATACHEM,A,0.67,0.13,0.8,0.07,0.87,,,2026-10-03
WMSHIPYARD,Z,-0.01,-0.03,-0.04,-0.04,-0.08,-0.02,,2026-10-03
YPL,Z,-0.28,-0.21,-0.49,-0.32,-0.8,,,2026-10-03
ZAHEENSPIN,Z,-0.09,-0.05,-0.14,-0.07,-0.21,,,2026-10-03
ZAHINTEX,Z,-0.49,-2.3,-2.61,,,,,2026-10-03
ZEALBANGLA,Z,-27.91,-21.09,-48.94,-4.15,-53.07,,,2026-10-03
