SYMBOL,SECTOR
1JANATAMF,Mutual Fund
1STPRIMFMF,Mutual Fund
AAMRANET,Telecommunication
ABBANK,Bank
ACI,Pharmaceuticals
ACIFORMULA,Pharmaceuticals
ACMELAB,Pharmaceuticals
ACTIVEFINE,Pharmaceuticals
ADNTEL,Telecommunication
AFCAGRO,Food & Allied
AFTABAUTO,Engineering
AGNISYSL,Engineering
AGRANINS,Insurance
AIBL1STIMF,Mutual Fund
ALARABANK,Bank
ALIF,Insurance
ALLTEX,Textile
AMANFEED,Food & Allied
AMCL(PRAN),Food & Allied
ANLIMAYARN,Textile
ANWARGALV,Engineering
APEXFOODS,Food & Allied
APEXFOOT,Leather
APEXTANRY,Leather
APOLOISPAT,Engineering
ARAMIT,Engineering
ARAMITCEM,Cement
ARGONDENIM,Textile
ASIAPACINS,Insurance
ASIAINS,Insurance
ATCSLGF,Mutual Fund
ATLASBANG,Engineering
ATPL,Textile
AZIZPIPES,Engineering
BANGAS,Textile
BANKASIA,Bank
BARKAPOWER,Fuel & Power
BATASHA,Leather
BATBC,Food & Allied
BAYLEASING,NBFI
BBS,Engineering
BBSCABLES,Engineering
BCIC,Insurance
BCMCL,Insurance
BDCOM,IT
BDLAMPS,Engineering
BDSERVICE,IT
BDTHAI,Food & Allied
BDWELDING,Engineering
BEACHHATCH,Textile
BEACONPHAR,Pharmaceuticals
BENGALWTL,Engineering
BERGERPBL,Pharmaceuticals
BEXIMCO,Pharmaceuticals
BEXIMCOHF,Mutual Fund
BGIC,Insurance
BIFC,NBFI
BNICL,Insurance
BNTEL,Mutual Fund
BSC,Engineering
BSCCL,Telecommunication
BSRMLTD,Engineering
BSRMSTEEL,Engineering
BXPHARMA,Pharmaceuticals
BXSYNTH,Pharmaceuticals
CENTRALINS,Insurance
CENTRALPHL,Pharmaceuticals
CITYBANK,Bank
CITYGENINS,Insurance
CONFIDCEM,Cement
COPPERTECH,Engineering
CVOPRL,Insurance
DACCADYE,Textile
DAFODILCOM,IT
DANCUSUGAR,Food & Allied
DBH,NBFI
DELTALIFE,Insurance
DELTASPINN,Textile
DESCO,Fuel & Power
DHAKABANK,Bank
DHAKAINS,Insurance
DHAKAFLOUR,Food & Allied
DOMINAGE,Insurance
DOREENPWR,Fuel & Power
DSHGARME,Textile
DSSL,IT
DULAMIACOT,Textile
DUTCHBANGL,Bank
EAGENFR,Textile
EASTLAND,Insurance
EASTRNLUB,Engineering
EBL,NBFI
ECABLES,Engineering
EHL,Travel & Leisure
EMERALDOIL,Fuel & Power
ENVOYTEX,Textile
ESQUIRENIT,Textile
EXIMBANK,Bank
EXIM1STMF,Mutual Fund
FAMILYTEX,Textile
FARCHEM,Pharmaceuticals
FAREASTFIN,NBFI
FAREASTLIF,Insurance
FASFIN,NBFI
FBFIF,Mutual Fund
FEDERALINS,Insurance
FEKDIL,Textile
FINEFOODS,Food & Allied
FIRSTFIN,NBFI
FIRSTSBANK,Bank
FORTUNE,Food & Allied
FUWANGFOOD,Food & Allied
GBBPOWER,Fuel & Power
GEMINISEA,Food & Allied
GENEXIL,Textile
GENNEXT,IT
GHAIL,Engineering
GHAZIABAD,Pharmaceuticals
GIB,NBFI
GLAXOSMITH,Pharmaceuticals
GLOBALINS,Insurance
GOLDENSON,Engineering
GP,Telecommunication
GPHISPAT,Engineering
GQBALLPEN,Engineering
GREENDELT,Insurance
GSPFINANCE,NBFI
HAKKANIPUL,Engineering
HEIDELBCEM,Cement
HFL,Engineering
HIMADRI,Engineering
HRTEX,Textile
IBNSINA,Pharmaceuticals
ICB,NBFI
ICB3RDNRB,Mutual Fund
ICBAMCL2ND,Mutual Fund
ICBEPMF1S1,Mutual Fund
ICBIBANK,Bank
ICBSONALI1,Mutual Fund
IDLC,NBFI
IFADAUTOS,Engineering
IFIC,NBFI
IFILISLMF1,Mutual Fund
ILFSL,NBFI
IMAMBUTTON,Engineering
INTECH,Pharmaceuticals
IPDC,NBFI
ISLAMIBANK,Bank
ISLAMIINS,Insurance
ISNLTD,IT
ITC,Food & Allied
JAMUNABANK,Bank
JAMUNAOIL,Fuel & Power
JANATAINS,Insurance
JUTESPINN,Jute
KARNAPHULI,Engineering
KAY&QUE,Food & Allied
KBSEED,Food & Allied
KDSALTD,Engineering
KEYACOSMET,Pharmaceuticals
KFL,Food & Allied
KHULNAPRN,Paper & Printing
KPCL,Fuel & Power
KPPL,Paper & Printing
LANKABAFIN,NBFI
LEGACYFOOT,Leather
LIBRA,Pharmaceuticals
LINDEBD,Engineering
LRGLOBMF1,Mutual Fund
MAKSONSPIN,Textile
MALEKSPIN,Textile
MARICO,Food & Allied
MATINSPINN,Textile
MBPHARMA,Pharmaceuticals
MEGHNACEM,Cement
MEGHNAINS,Insurance
MEGHNALIFE,Insurance
MERCANBANK,Bank
MERCINS,Insurance
METROSPIN,Textile
MHSML,IT
MIDASFIN,NBFI
MJLBD,Textile
MONNO,Engineering
MONNOCERA,Ceramics
MONNOFABR,Textile
MTB,Bank
NATLIFEINS,Insurance
NAVANACNG,Fuel & Power
NAVANAPHAR,Pharmaceuticals
NBL,Bank
NCCBANK,Bank
NCCBLMF1,Mutual Fund
NEWLINE,Textile
NFML,Textile
NHFIL,NBFI
NITOLINS,Insurance
NORTHERN,NBFI
NORTHERNINS,Insurance
NRBCBANK,Bank
NTL,Textile
OAL,Food & Allied
OIMEX,Engineering
OLYMPIC,Food & Allied
ONEBANKPLC,Bank
ORIONPHARM,Pharmaceuticals
ORIONINFU,NBFI
PADMAOIL,Fuel & Allied
PARAMOUNT,Textile
PDL,Textile
PENINSULA,Textile
PEOPLESINS,Insurance
PHARMAID,Pharmaceuticals
PHENIXINS,Insurance
PHOENIXFIN,NBFI
PIONEERINS,Insurance
PLFSL,NBFI
POPULARLIF,Insurance
POWERGRID,Fuel & Power
POWERIND,Fuel & Power
PPL,Textile
PRAGATIINS,Insurance
PRAGATILIF,Insurance
PREMIERBAN,Bank
PREMIERCEM,Cement
PREMIERLEA,Leather
PRIME1ICBA,Mutual Fund
PRIMEBANK,Bank
PRIMEINSUR,Insurance
PRIMELIFE,Insurance
PRIMEPHBP,Pharmaceuticals
PROGRESSIV,Insurance
PROTECTIVE,Insurance
PROVATIINS,Insurance
PSH,Engineering
PUBALIBANK,Bank
QUASEMIND,Engineering
RADIANTDIST,Pharmaceuticals
RAKCERAMIC,Ceramics
RANFOUNDRY,Engineering
RDFOOD,Food & Allied
REGENTTEX,Textile
RELIANCE1,Mutual Fund
RELIANCINS,Insurance
RENATA,Pharmaceuticals
REPUBLIC,Insurance
RINGSHINE,Textile
ROBI,Telecommunication
RSRMSTEEL,Engineering
RUNNERAUTO,Engineering
SAFKOSPINN,Textile
SAIFPOWER,Fuel & Power
SAIHAMCOT,Textile
SAIHAMTEX,Textile
SALAMCRST,Insurance
SALVO,Engineering
SAMATALETH,Leather
SAMORITA,Travel & Leisure
SANDHANINS,Insurance
SAPORTL,Food & Allied
SARAMONI,Insurance
SATIONALINS,Insurance
SEAPEARL,Food & Allied
SEFINSL,Engineering
SHAHJABANK,Bank
SHASHADNIM,Pharmaceuticals
SHEPHERD,Pharmaceuticals
SHINEKNIT,Textile
SHINEPUKUR,Textile
SHURWID,Engineering
SIBL,Bank
SILCOPHL,Pharmaceuticals
SILVAPHL,Pharmaceuticals
SIMTEX,Textile
SINGERBD,Engineering
SINOBANGLA,Engineering
SKTRIMS,Textile
SOCIALISBANK,Bank
SONARBAINS,Insurance
SONARGAON,Textile
SOUTHEASTB,Bank
SPCL,Engineering
SQUARETEXT,Textile
SQURPHARMA,Pharmaceuticals
SSSTEEL,Engineering
STANCERAM,Ceramics
STANDARINS,Insurance
STANDBANKL,Bank
SUMITPOWER,Fuel & Power
SUNLIFEINS,Insurance
TAKAFULINS,Insurance
TALLUSPIN,Textile
TECHNODRUG,Pharmaceuticals
TITASGAS,Fuel & Power
TOSRIFA,Insurance
TRUSTBANK,Bank
TUNGHAI,Engineering
UCB,Bank
UNILEVERCL,Food & Allied
UNIONBANK,Bank
UNIONINS,Insurance
UNIQUEHRL,Textile
UNITEDAIR,Travel & Leisure
UNITEDINS,Insurance
UPGDCL,Fuel & Power
USMANIAGL,Engineering
UTTARABANK,Bank
UTTARAFIN,NBFI
VAMLBDMF1,Mutual Fund
VAMLRBBF,Mutual Fund
WALTONHIL,Engineering
WATACHEM,Pharmaceuticals
WMSHIPYARD,Engineering
YPL,Engineering
ZAHINTEX,Textile
ZAVENIRDAUT,Engineering
ZEALBANGLA,Engineering
ABB1STMF,Mutual Fund
ACFL,Engineering
ACMEPL,Engineering
ADVENT,Pharmaceuticals
AIL,Insurance
AL-HAJTEX,Textile
AMBEEPHA,Pharmaceuticals
AOL,Food & Allied
APEXSPINN,Textile
ASIATICLAB,Pharmaceuticals
BATASHOE,Leather
BDAUTOCA,Engineering
BDFINANCE,NBFI
BDTHAIFOOD,Food & Allied
BESTHLDNG,Miscellaneous
BPML,Food & Allied
BPPL,Engineering
BRACBANK,Bank
BSCPLC,Engineering
CAPITECGBF,Mutual Fund
CAPMBDBLMF,Mutual Fund
CAPMIBBLMF,Mutual Fund
CLICL,Insurance
CNATEX,Textile
CONTININS,Insurance
CROWNCEMNT,Cement
CRYSTALINS,Insurance
DBH1STMF,Mutual Fund
DESHBANDHU,Miscellaneous
DGIC,Insurance
EASTERNINS,Insurance
EBL1STMF,Mutual Fund
EBLNRBMF,Mutual Fund
EGEN,Engineering
EIL,Engineering
EPGL,Engineering
ETL,Engineering
FUWANGCER,Ceramics
GHCL,Pharmaceuticals
GLDNJMF,Mutual Fund
GRAMEENS2,Mutual Fund
GREENDELMF,Mutual Fund
HAMI,Pharmaceuticals
HWAWELLTEX,Textile
IBP,Engineering
ICBAGRANI1,Mutual Fund
ICICL,Insurance
IFIC1STMF,Mutual Fund
INDEXAGRO,Food & Allied
INTRACO,Engineering
ISLAMICFIN,NBFI
JHRML,Food & Allied
JMISMDL,Insurance
KBPPWBIL,Miscellaneous
KOHINOOR,Textile
KTL,Textile
LHB,Engineering
LIBRAINFU,Miscellaneous
LOVELLO,Food & Allied
LRBDL,Miscellaneous
MAGURAPLEX,Pharmaceuticals
MBL1STMF,Mutual Fund
MEGCONMILK,Food & Allied
MEGHNAPET,Engineering
MIDLANDBNK,Bank
MIRACLEIND,Engineering
MIRAKHTER,Pharmaceuticals
MITHUNKNIT,Textile
MLDYEING,Textile
MONNOAGML,Food & Allied
MONOSPOOL,Textile
MPETROLEUM,Fuel & Power
NAHEEACP,Engineering
NORTHRNINS,Insurance
NPOLYMER,Food & Allied
NRBBANK,Bank
NTC,Miscellaneous
NTLTUBES,Engineering
NURANI,Textile
PADMALIFE,Insurance
PF1STMF,Mutual Fund
PHPMF1,Mutual Fund
POPULAR1MF,Mutual Fund
PRIMEFIN,NBFI
PRIMETEX,Textile
PROGRESLIF,Insurance
PTL,Textile
PURABIGEN,Insurance
QUEENSOUTH,Textile
RAHIMAFOOD,Food & Allied
RAHIMTEXT,Textile
RECKITTBEN,Pharmaceuticals
RENWICKJA,Engineering
RUPALIBANK,Bank
RUPALIINS,Insurance
RUPALILIFE,Insurance
SAVAREFR,Fuel & Power
SBACBANK,Bank
SEMLFBSLGF,Mutual Fund
SEMLIBBLSF,Mutual Fund
SHARPIND,Engineering
SHYAMPSUG,Food & Allied
SICL,Insurance
SIPLC,Insurance
SONALIANSH,Insurance
SONALILIFE,Insurance
SONALIPAPR,Paper & Printing
SPCERAMICS,Ceramics
STYLECRAFT,Textile
TAMIJTEX,Textile
TILIL,Insurance
TRUSTB1MF,Mutual Fund
UNIONCAP,Mutual Fund
UNITEDFIN,NBFI
VFSTDL,NBFI
ZAHEENSPIN,Textile
